<?xml version="1.0" encoding="utf-8"?>
<plugin>
	<systemName>related</systemName>
	<name>Автоматические сопутствующие товары</name>
	<version>1.0</version>
	<releaseDate>10.11.2015</releaseDate>
	<description>Автоматические сопутствующие товары - подбор по группам и свойствам</description>
	<icon>related.png</icon>
	<engine>1.0</engine>
	<settings>no</settings>
	<requires/>
	<controllers>
		<controller name="related.php" branch="admin" openable="yes"/>
	</controllers>
</plugin>