<?xml version="1.0" encoding="utf-8"?>
<plugin>
	<systemName>sberbank</systemName>
	<name>Квитанция Сбербанка</name>
	<version>1.0</version>
	<releaseDate>23.10.2014</releaseDate>
	<description>Формирование и печать квитанции Сбербанка</description>
	<icon>sberbank.png</icon>
	<engine>1.0</engine>
	<settings>no</settings>
	<requires/>
	<controllers>
		<controller name="sberbank.php" branch="admin" openable="yes"/>
	</controllers>
</plugin>