<?xml version="1.0" encoding="utf-8"?>
<plugin>
	<systemName>analogs</systemName>
	<name>Автоматические аналоги</name>
	<version>1.0</version>
	<releaseDate>04.11.2015</releaseDate>
	<description>Автоматические аналоги - подбор по свойствам</description>
	<icon>analogs.png</icon>
	<engine>1.0</engine>
	<settings>no</settings>
	<requires/>
	<controllers>
		<controller name="analogs.php" branch="admin" openable="yes"/>
	</controllers>
</plugin>