<?xml version="1.0" encoding="utf-8"?>
<plugin>
	<systemName>cart</systemName>
	<name>Корзина</name>
	<version>1.0</version>
	<releaseDate>11.12.2013</releaseDate>
	<description>Настройки корзины: минимальная сумма заказа, обязательные поля и другие.</description>
	<icon>cart.png</icon>
	<engine>1.0</engine>
	<settings>no</settings>
	<requires/>
	<controllers>
		<controller name="cart-admin.php" branch="admin" openable="yes"/>
		<controller name="cart-frontend.php" branch="frontend" openable="yes"/>
	</controllers>
</plugin>