<?xml version="1.0" encoding="utf-8"?>
<plugin>
	<systemName>smsmini</systemName>
	<name>Отправка СМС</name>
	<version>1.0</version>
	<releaseDate>06.08.2014</releaseDate>
	<description>Отправка СМС через шлюз &lt;a href="http://smsmini.ru/"&gt;SMSMini.ru&lt;/a&gt;</description>
	<icon>sms.png</icon>
	<engine>1.0</engine>
	<settings>no</settings>
	<requires/>
	<controllers>
		<controller name="smsmini.php" branch="admin" openable="yes"/>
	</controllers>
</plugin>